<application>
  <component name="LocalDatabaseDriverManager" version="201">
    <driver id="bigquery">
      <artifact id="BigQuery" name="BigQuery" use="true" version="1.3.0" />
      <jdbc-additional-properties>
        <property name="override.awt.toolkit" value="false" />
      </jdbc-additional-properties>
    </driver>
    <driver id="mysql.8">
      <artifact />
      <artifact id="MySQL ConnectorJ" name="MySQL ConnectorJ" use="true" version="8.0.25" />
    </driver>
  </component>
</application>