<application>
  <component name="dataSourceStorage" format="xml" multifile-model="true">
    <data-source source="LOCAL" name="local-kumasan" uuid="553132d6-11fa-4891-b2e1-c7450c4d43e9">
      <driver-ref>mysql.8</driver-ref>
      <synchronize>true</synchronize>
      <jdbc-driver>com.mysql.cj.jdbc.Driver</jdbc-driver>
      <jdbc-url>jdbc:mysql://localhost:33307/kumasan_development</jdbc-url>
      <working-dir>$ProjectFileDir$</working-dir>
    </data-source>
    <data-source source="LOCAL" name="!!!!!!!prod-kumasan!!!!!!!" uuid="691563bd-0b22-4734-9803-ef1caf0e719d">
      <driver-ref>mysql.8</driver-ref>
      <synchronize>true</synchronize>
      <jdbc-driver>com.mysql.cj.jdbc.Driver</jdbc-driver>
      <jdbc-url>jdbc:mysql://localhost:53308/kumasan_production</jdbc-url>
      <working-dir>$ProjectFileDir$</working-dir>
    </data-source>
    <data-source source="LOCAL" name="Dev BigQuery" uuid="74159a5f-adef-460f-b0f2-beb4ec3bd18a">
      <driver-ref>bigquery</driver-ref>
      <synchronize>true</synchronize>
      <jdbc-driver>com.simba.googlebigquery.jdbc42.Driver</jdbc-driver>
      <jdbc-url>jdbc:bigquery://https://www.googleapis.com/bigquery/v2:</jdbc-url>
      <jdbc-additional-properties>
        <property name="ProjectId" value="kumasan-connect-dev" />
        <property name="GOOGLE_APPLICATION_CREDENTIALS" value="$USER_HOME$/.google/dev_bigquery_json" />
      </jdbc-additional-properties>
      <working-dir>$ProjectFileDir$</working-dir>
    </data-source>
    <data-source source="LOCAL" name="Prod BigQuery" uuid="a5ab2ff3-3781-4597-bae0-5d5470b66a32">
      <driver-ref>bigquery</driver-ref>
      <synchronize>true</synchronize>
      <jdbc-driver>com.simba.googlebigquery.jdbc42.Driver</jdbc-driver>
      <jdbc-url>jdbc:bigquery://https://www.googleapis.com/bigquery/v2:</jdbc-url>
      <jdbc-additional-properties>
        <property name="ProjectId" value="kumasan-connect-prod" />
        <property name="GOOGLE_APPLICATION_CREDENTIALS" value="$USER_HOME$/.google/prod_bigquery_json" />
      </jdbc-additional-properties>
      <working-dir>$ProjectFileDir$</working-dir>
    </data-source>
    <data-source source="LOCAL" name="dev-kumasan" uuid="668653ea-d7dd-4516-a1b5-fc0aca46d3cd">
      <driver-ref>mysql.8</driver-ref>
      <synchronize>true</synchronize>
      <jdbc-driver>com.mysql.cj.jdbc.Driver</jdbc-driver>
      <jdbc-url>jdbc:mysql://localhost:53307/kumasan_it</jdbc-url>
      <working-dir>$ProjectFileDir$</working-dir>
    </data-source>
  </component>
</application>