<application>
  <component name="ProjectJdkTable">
    <jdk version="2">
      <name value="ruby-2.6.10-p210" />
      <type value="RUBY_SDK" />
      <version value="ver.2.6.10p210 ( revision 67958) p210" />
      <homePath value="/usr/bin/ruby" />
      <roots>
        <classPath>
          <root type="composite">
            <root url="file:///Library/Ruby/Site/2.6.0" type="simple" />
            <root url="file:///Library/Ruby/Site/2.6.0/universal-darwin21" type="simple" />
            <root url="file:///Library/Ruby/Site" type="simple" />
            <root url="file:///System/Library/Frameworks/Ruby.framework/Versions/2.6/usr/lib/ruby/vendor_ruby/2.6.0" type="simple" />
            <root url="file:///System/Library/Frameworks/Ruby.framework/Versions/2.6/usr/lib/ruby/vendor_ruby/2.6.0/universal-darwin21" type="simple" />
            <root url="file:///System/Library/Frameworks/Ruby.framework/Versions/2.6/usr/lib/ruby/vendor_ruby" type="simple" />
            <root url="file:///System/Library/Frameworks/Ruby.framework/Versions/2.6/usr/lib/ruby/2.6.0" type="simple" />
            <root url="file:///System/Library/Frameworks/Ruby.framework/Versions/2.6/usr/lib/ruby/2.6.0/universal-darwin21" type="simple" />
            <root url="file://$APPLICATION_HOME_DIR$/plugins/ruby/rubystubs/rubystubs26" type="simple" />
          </root>
        </classPath>
        <sourcePath>
          <root type="composite">
            <root url="file:///Library/Ruby/Site/2.6.0" type="simple" />
            <root url="file:///Library/Ruby/Site/2.6.0/universal-darwin21" type="simple" />
            <root url="file:///Library/Ruby/Site" type="simple" />
            <root url="file:///System/Library/Frameworks/Ruby.framework/Versions/2.6/usr/lib/ruby/vendor_ruby/2.6.0" type="simple" />
            <root url="file:///System/Library/Frameworks/Ruby.framework/Versions/2.6/usr/lib/ruby/vendor_ruby/2.6.0/universal-darwin21" type="simple" />
            <root url="file:///System/Library/Frameworks/Ruby.framework/Versions/2.6/usr/lib/ruby/vendor_ruby" type="simple" />
            <root url="file:///System/Library/Frameworks/Ruby.framework/Versions/2.6/usr/lib/ruby/2.6.0" type="simple" />
            <root url="file:///System/Library/Frameworks/Ruby.framework/Versions/2.6/usr/lib/ruby/2.6.0/universal-darwin21" type="simple" />
            <root url="file://$APPLICATION_HOME_DIR$/plugins/ruby/rubystubs/rubystubs26" type="simple" />
          </root>
        </sourcePath>
      </roots>
      <additional NORMALIZED_VERSION_STRING="ver.2.6.10p210 ( revision 67958) p210" version="1" GEMS_BIN_DIR_PATH="/usr/local/bin">
        <VERSION_MANAGER ID="system">
          <custom-configurator>
            <list />
          </custom-configurator>
        </VERSION_MANAGER>
        <RbConfig>
          <item key="AR" value="libtool -static" />
          <item key="ARFLAGS" value="-no_warning_for_no_symbols -o " />
          <item key="AS" value="as" />
          <item key="ASMEXT" value="S" />
          <item key="BUILTIN_TRANSSRCS" value=" enc/trans/newline.c" />
          <item key="CC" value="xcrun clang" />
          <item key="CC_VERSION" value="xcrun clang --version" />
          <item key="CC_VERSION_MESSAGE" value="Apple clang version 13.1.6 (clang-1316.0.21.3) [+internal-os, ptrauth-isa=deployment-target-based]&#10;Target: x86_64-apple-darwin20.1.0&#10;Thread model: posix&#10;InstalledDir: /AppleInternal/Library/BuildRoots/c188b140-2ff3-11ed-a7e5-ca9c01dc79de/Applications/Xcode.app/Contents/Developer/Toolchains/OSX12.6.xctoolchain/usr/bin" />
          <item key="CFLAGS" value=" -g -Os -pipe -DHAVE_GCC_ATOMIC_BUILTINS -DUSE_FFI_CLOSURE_ALLOC" />
          <item key="CHDIR" value="cd -P" />
          <item key="CONFIGURE" value="configure" />
          <item key="COUTFLAG" value="-o " />
          <item key="CP" value="cp" />
          <item key="CPP" value="xcrun clang -E" />
          <item key="CPPFLAGS" value="-D_XOPEN_SOURCE -D_DARWIN_C_SOURCE -D_DARWIN_UNLIMITED_SELECT -D_REENTRANT  " />
          <item key="CPPOUTFILE" value="-o conftest.i" />
          <item key="CROSS_COMPILING" value="no" />
          <item key="CXX" value="xcrun clang++" />
          <item key="CXXFLAGS" value=" -g -Os -pipe " />
          <item key="DLDFLAGS" value="             -undefined dynamic_lookup -multiply_defined suppress" />
          <item key="DLDSHARED" value="xcrun clang -dynamiclib" />
          <item key="DLEXT" value="bundle" />
          <item key="DLNOBJ" value="dln.o" />
          <item key="ECHO_C" value="\\c" />
          <item key="EGREP" value="/usr/bin/grep -E" />
          <item key="ENABLE_SHARED" value="yes" />
          <item key="EXTOUT" value=".ext" />
          <item key="GIT" value="git" />
          <item key="GNU_LD" value="no" />
          <item key="GREP" value="/usr/bin/grep" />
          <item key="HAVE_GIT" value="yes" />
          <item key="INSTALL" value="/usr/bin/install -c" />
          <item key="INSTALL_DATA" value="/usr/bin/install -c -m 644" />
          <item key="INSTALL_PROGRAM" value="/usr/bin/install -c" />
          <item key="INSTALL_SCRIPT" value="/usr/bin/install -c" />
          <item key="INSTALL_STATIC_LIBRARY" value="no" />
          <item key="LD" value="ld" />
          <item key="LDFLAGS" value="-L. -L/AppleInternal/Library/BuildRoots/c188b140-2ff3-11ed-a7e5-ca9c01dc79de/Applications/Xcode.app/Contents/Developer/Platforms/MacOSX.platform/Developer/SDKs/MacOSX12.6.Internal.sdk/usr/local/lib" />
          <item key="LDSHARED" value="xcrun clang -dynamic -bundle" />
          <item key="LDSHAREDXX" value="xcrun clang++ -dynamic -bundle" />
          <item key="LIBEXT" value="a" />
          <item key="LIBPATHENV" value="DYLD_FALLBACK_LIBRARY_PATH" />
          <item key="LIBPATHFLAG" value=" -L%s" />
          <item key="LIBRUBY" value="libruby.2.6.dylib" />
          <item key="LIBRUBYARG" value="-lruby.2.6" />
          <item key="LIBRUBYARG_SHARED" value="-lruby.2.6" />
          <item key="LIBRUBYARG_STATIC" value="-lruby.2.6-static -framework Security -framework Foundation -lpthread -ldl -lobjc" />
          <item key="LIBRUBY_A" value="libruby.2.6-static.a" />
          <item key="LIBRUBY_ALIASES" value="libruby.dylib" />
          <item key="LIBRUBY_RELATIVE" value="no" />
          <item key="LIBRUBY_SO" value="libruby.2.6.dylib" />
          <item key="LIBRUBY_SONAME" value="libruby.2.6.dylib" />
          <item key="LINK_SO" value="&#10;dsymutil $@; { test -z '$(RUBY_CODESIGN)' || codesign -s '$(RUBY_CODESIGN)' -f $@; }" />
          <item key="LN_S" value="ln -s" />
          <item key="MAINLIBS" value="-lpthread -ldl -lobjc" />
          <item key="MAJOR" value="2" />
          <item key="MAKEDIRS" value="mkdir -p" />
          <item key="MAKEFILES" value="Makefile GNUmakefile" />
          <item key="MANTYPE" value="doc" />
          <item key="MATHN" value="yes" />
          <item key="MINOR" value="6" />
          <item key="MJIT_CC" value="/AppleInternal/Library/BuildRoots/c188b140-2ff3-11ed-a7e5-ca9c01dc79de/Applications/Xcode.app/Contents/Developer/Toolchains/OSX12.6.xctoolchain/usr/bin/cc" />
          <item key="MJIT_SUPPORT" value="yes" />
          <item key="MKDIR_P" value="mkdir -p" />
          <item key="NM" value="nm" />
          <item key="NULLCMD" value=":" />
          <item key="OBJDUMP" value="objdump" />
          <item key="OBJEXT" value="o" />
          <item key="OUTFLAG" value="-o " />
          <item key="PACKAGE" value="ruby" />
          <item key="PATCHLEVEL" value="210" />
          <item key="PATH_SEPARATOR" value=":" />
          <item key="POSTLINK" value="dsymutil $@; { test -z '$(RUBY_CODESIGN)' || codesign -s '$(RUBY_CODESIGN)' -f $@; }" />
          <item key="PRELOADENV" value="DYLD_INSERT_LIBRARIES" />
          <item key="PREP" value="miniruby" />
          <item key="RANLIB" value=":" />
          <item key="RI_BASE_NAME" value="ri" />
          <item key="RM" value="rm -f" />
          <item key="RMALL" value="rm -fr" />
          <item key="RMDIR" value="rmdir" />
          <item key="RMDIRS" value="rmdir -p" />
          <item key="RUBYW_BASE_NAME" value="rubyw" />
          <item key="RUBY_API_VERSION" value="2.6" />
          <item key="RUBY_BASE_NAME" value="ruby" />
          <item key="RUBY_EXEC_PREFIX" value="/System/Library/Frameworks/Ruby.framework/Versions/2.6/usr" />
          <item key="RUBY_INSTALL_NAME" value="ruby" />
          <item key="RUBY_LIB_VERSION_STYLE" value="3&#9;/* full */" />
          <item key="RUBY_PROGRAM_VERSION" value="2.6.10" />
          <item key="RUBY_SO_NAME" value="ruby.2.6" />
          <item key="RUBY_VERSION_NAME" value="ruby-2.6.0" />
          <item key="SHELL" value="/bin/sh" />
          <item key="SOEXT" value="dylib" />
          <item key="SOLIBS" value="-lpthread -ldl -lobjc" />
          <item key="STRIP" value="strip -A -n" />
          <item key="SYMBOL_PREFIX" value="_" />
          <item key="TEENY" value="10" />
          <item key="TEST_RUNNABLE" value="yes" />
          <item key="THREAD_MODEL" value="pthread" />
          <item key="UNICODE_EMOJI_VERSION" value="12.0" />
          <item key="UNICODE_VERSION" value="12.1.0" />
          <item key="UNIVERSAL_ARCHNAMES" value=" arm64e=arm64e x86_64=x86_64" />
          <item key="UNIVERSAL_INTS" value="'long long' long int short" />
          <item key="arch" value="universal-darwin21" />
          <item key="archdir" value="/System/Library/Frameworks/Ruby.framework/Versions/2.6/usr/lib/ruby/2.6.0/universal-darwin21" />
          <item key="archincludedir" value="/Library/Developer/CommandLineTools/SDKs/MacOSX.sdk/System/Library/Frameworks/Ruby.framework/Versions/2.6/usr/include/universal-darwin21" />
          <item key="archlibdir" value="/System/Library/Frameworks/Ruby.framework/Versions/2.6/usr/lib/universal-darwin21" />
          <item key="bindir" value="/System/Library/Frameworks/Ruby.framework/Versions/2.6/usr/bin" />
          <item key="build" value="x86_64-apple-darwin21" />
          <item key="build_cpu" value="x86_64" />
          <item key="build_os" value="darwin21" />
          <item key="build_vendor" value="apple" />
          <item key="cflags" value=" -g " />
          <item key="codesign" value="codesign" />
          <item key="configure_args" value=" '--prefix=/usr' '--mandir=/usr/share/man' '--infodir=/usr/share/info' '--disable-dependency-tracking' '--prefix=/System/Library/Frameworks/Ruby.framework/Versions/2.6/usr' '--sysconfdir=/Library/Ruby/Site' '--with-sitedir=/Library/Ruby/Site' '--enable-shared' '--with-arch=arm64e,x86_64' '--with-openssl-dir=/AppleInternal/Library/BuildRoots/c188b140-2ff3-11ed-a7e5-ca9c01dc79de/Applications/Xcode.app/Contents/Developer/Platforms/MacOSX.platform/Developer/SDKs/MacOSX12.6.Internal.sdk/usr/local/libressl-by-deployment-target/11.0' '--without-ext=tk' '--disable-silent-rules' 'ac_cv_func_getcontext=no' 'ac_cv_func_setcontext=no' 'ac_cv_func_utimensat=no' 'ac_cv_c_compiler_gnu=no' 'ac_cv_header_net_if_h=yes' 'av_cv_header_ifaddrs_h=yes' 'rb_cv_pri_prefix_long_long=ll' 'rb_cv_stack_grow_dir_arm64e=-1' 'ac_cv_sizeof_struct_stat_st_size=SIZEOF_OFF_T' 'ac_cv_sizeof_struct_stat_st_blocks=SIZEOF_INT64_T' 'ac_cv_sizeof_struct_stat_st_ino=SIZEOF_UINT64_T' 'CC=/AppleInternal/Library/BuildRoots/c188b140-2ff3-11ed-a7e5-ca9c01dc79de/Applications/Xcode.app/Contents/Developer/Toolchains/OSX12.6.xctoolchain/usr/bin/cc' 'CFLAGS=-arch arm64e -arch x86_64 -g -Os -pipe -DHAVE_GCC_ATOMIC_BUILTINS -DUSE_FFI_CLOSURE_ALLOC' 'LDFLAGS=-arch arm64e -arch x86_64            ' 'CXX=/AppleInternal/Library/BuildRoots/c188b140-2ff3-11ed-a7e5-ca9c01dc79de/Applications/Xcode.app/Contents/Developer/Toolchains/OSX12.6.xctoolchain/usr/bin/c++' 'CXXFLAGS=-arch arm64e -arch x86_64 -g -Os -pipe '" />
          <item key="cxxflags" value=" -g " />
          <item key="datadir" value="/System/Library/Frameworks/Ruby.framework/Versions/2.6/usr/share" />
          <item key="datarootdir" value="/System/Library/Frameworks/Ruby.framework/Versions/2.6/usr/share" />
          <item key="debugflags" value="-g" />
          <item key="docdir" value="/System/Library/Frameworks/Ruby.framework/Versions/2.6/usr/share/doc/ruby" />
          <item key="dsymutil" value="dsymutil" />
          <item key="dvidir" value="/System/Library/Frameworks/Ruby.framework/Versions/2.6/usr/share/doc/ruby" />
          <item key="exec" value="exec" />
          <item key="exec_prefix" value="/System/Library/Frameworks/Ruby.framework/Versions/2.6/usr" />
          <item key="host" value="x86_64-apple-darwin21" />
          <item key="host_cpu" value="x86_64" />
          <item key="host_os" value="darwin21" />
          <item key="host_vendor" value="apple" />
          <item key="htmldir" value="/System/Library/Frameworks/Ruby.framework/Versions/2.6/usr/share/doc/ruby" />
          <item key="includedir" value="/Library/Developer/CommandLineTools/SDKs/MacOSX.sdk/System/Library/Frameworks/Ruby.framework/Versions/2.6/usr/include" />
          <item key="infodir" value="/usr/share/info" />
          <item key="libdir" value="/System/Library/Frameworks/Ruby.framework/Versions/2.6/usr/lib" />
          <item key="libdirname" value="libdir" />
          <item key="libexecdir" value="/System/Library/Frameworks/Ruby.framework/Versions/2.6/usr/libexec" />
          <item key="localedir" value="/System/Library/Frameworks/Ruby.framework/Versions/2.6/usr/share/locale" />
          <item key="localstatedir" value="/System/Library/Frameworks/Ruby.framework/Versions/2.6/usr/var" />
          <item key="mandir" value="/usr/share/man" />
          <item key="oldincludedir" value="/usr/include" />
          <item key="pdfdir" value="/System/Library/Frameworks/Ruby.framework/Versions/2.6/usr/share/doc/ruby" />
          <item key="prefix" value="/System/Library/Frameworks/Ruby.framework/Versions/2.6/usr" />
          <item key="psdir" value="/System/Library/Frameworks/Ruby.framework/Versions/2.6/usr/share/doc/ruby" />
          <item key="ridir" value="/System/Library/Frameworks/Ruby.framework/Versions/2.6/usr/share/ri" />
          <item key="ruby_install_name" value="ruby" />
          <item key="ruby_pc" value="ruby-2.6.pc" />
          <item key="ruby_version" value="2.6.0" />
          <item key="rubyarchdir" value="/System/Library/Frameworks/Ruby.framework/Versions/2.6/usr/lib/ruby/2.6.0/universal-darwin21" />
          <item key="rubyarchhdrdir" value="/Library/Developer/CommandLineTools/SDKs/MacOSX.sdk/System/Library/Frameworks/Ruby.framework/Versions/2.6/usr/include/ruby-2.6.0/universal-darwin21" />
          <item key="rubyarchprefix" value="/System/Library/Frameworks/Ruby.framework/Versions/2.6/usr/lib/ruby/universal-darwin21" />
          <item key="rubyhdrdir" value="/Library/Developer/CommandLineTools/SDKs/MacOSX.sdk/System/Library/Frameworks/Ruby.framework/Versions/2.6/usr/include/ruby-2.6.0" />
          <item key="rubylibdir" value="/System/Library/Frameworks/Ruby.framework/Versions/2.6/usr/lib/ruby/2.6.0" />
          <item key="rubylibprefix" value="/System/Library/Frameworks/Ruby.framework/Versions/2.6/usr/lib/ruby" />
          <item key="rubysitearchprefix" value="/System/Library/Frameworks/Ruby.framework/Versions/2.6/usr/lib/ruby/universal-darwin21" />
          <item key="runstatedir" value="/System/Library/Frameworks/Ruby.framework/Versions/2.6/usr/var/run" />
          <item key="sbindir" value="/System/Library/Frameworks/Ruby.framework/Versions/2.6/usr/sbin" />
          <item key="setup" value="Setup" />
          <item key="sharedstatedir" value="/System/Library/Frameworks/Ruby.framework/Versions/2.6/usr/com" />
          <item key="sitearch" value="universal-darwin21" />
          <item key="sitearchdir" value="/Library/Ruby/Site/2.6.0/universal-darwin21" />
          <item key="sitearchhdrdir" value="/Library/Developer/CommandLineTools/SDKs/MacOSX.sdk/System/Library/Frameworks/Ruby.framework/Versions/2.6/usr/include/ruby-2.6.0/site_ruby/universal-darwin21" />
          <item key="sitearchincludedir" value="/Library/Developer/CommandLineTools/SDKs/MacOSX.sdk/System/Library/Frameworks/Ruby.framework/Versions/2.6/usr/include/universal-darwin21" />
          <item key="sitearchlibdir" value="/System/Library/Frameworks/Ruby.framework/Versions/2.6/usr/lib/universal-darwin21" />
          <item key="sitedir" value="/Library/Ruby/Site" />
          <item key="sitehdrdir" value="/Library/Developer/CommandLineTools/SDKs/MacOSX.sdk/System/Library/Frameworks/Ruby.framework/Versions/2.6/usr/include/ruby-2.6.0/site_ruby" />
          <item key="sitelibdir" value="/Library/Ruby/Site/2.6.0" />
          <item key="sysconfdir" value="/Library/Ruby/Site" />
          <item key="target" value="universal-apple-darwin21" />
          <item key="target_cpu" value="universal" />
          <item key="target_os" value="darwin21" />
          <item key="target_vendor" value="apple" />
          <item key="topdir" value="/System/Library/Frameworks/Ruby.framework/Versions/2.6/usr/lib/ruby/2.6.0/universal-darwin21" />
          <item key="try_header" value="try_compile" />
          <item key="vendorarchdir" value="/System/Library/Frameworks/Ruby.framework/Versions/2.6/usr/lib/ruby/vendor_ruby/2.6.0/universal-darwin21" />
          <item key="vendorarchhdrdir" value="/Library/Developer/CommandLineTools/SDKs/MacOSX.sdk/System/Library/Frameworks/Ruby.framework/Versions/2.6/usr/include/ruby-2.6.0/vendor_ruby/universal-darwin21" />
          <item key="vendordir" value="/System/Library/Frameworks/Ruby.framework/Versions/2.6/usr/lib/ruby/vendor_ruby" />
          <item key="vendorhdrdir" value="/Library/Developer/CommandLineTools/SDKs/MacOSX.sdk/System/Library/Frameworks/Ruby.framework/Versions/2.6/usr/include/ruby-2.6.0/vendor_ruby" />
          <item key="vendorlibdir" value="/System/Library/Frameworks/Ruby.framework/Versions/2.6/usr/lib/ruby/vendor_ruby/2.6.0" />
        </RbConfig>
      </additional>
    </jdk>
    <jdk version="2">
      <name value="rbenv: 3.0.2" />
      <type value="RUBY_SDK" />
      <version value="ver.3.0.2p107 ( revision 0db68f0233) p107" />
      <homePath value="$USER_HOME$/.rbenv/versions/3.0.2/bin/ruby" />
      <roots>
        <classPath>
          <root type="composite">
            <root url="file://$USER_HOME$/.rbenv/versions/3.0.2/lib/ruby/site_ruby/3.0.0" type="simple" />
            <root url="file://$USER_HOME$/.rbenv/versions/3.0.2/lib/ruby/site_ruby/3.0.0/arm64-darwin21" type="simple" />
            <root url="file://$USER_HOME$/.rbenv/versions/3.0.2/lib/ruby/site_ruby" type="simple" />
            <root url="file://$USER_HOME$/.rbenv/versions/3.0.2/lib/ruby/vendor_ruby/3.0.0" type="simple" />
            <root url="file://$USER_HOME$/.rbenv/versions/3.0.2/lib/ruby/vendor_ruby/3.0.0/arm64-darwin21" type="simple" />
            <root url="file://$USER_HOME$/.rbenv/versions/3.0.2/lib/ruby/vendor_ruby" type="simple" />
            <root url="file://$USER_HOME$/.rbenv/versions/3.0.2/lib/ruby/3.0.0" type="simple" />
            <root url="file://$USER_HOME$/.rbenv/versions/3.0.2/lib/ruby/3.0.0/arm64-darwin21" type="simple" />
            <root url="file://$APPLICATION_HOME_DIR$/plugins/ruby/rubystubs/rubystubs30" type="simple" />
          </root>
        </classPath>
        <sourcePath>
          <root type="composite">
            <root url="file://$USER_HOME$/.rbenv/versions/3.0.2/lib/ruby/site_ruby/3.0.0" type="simple" />
            <root url="file://$USER_HOME$/.rbenv/versions/3.0.2/lib/ruby/site_ruby/3.0.0/arm64-darwin21" type="simple" />
            <root url="file://$USER_HOME$/.rbenv/versions/3.0.2/lib/ruby/site_ruby" type="simple" />
            <root url="file://$USER_HOME$/.rbenv/versions/3.0.2/lib/ruby/vendor_ruby/3.0.0" type="simple" />
            <root url="file://$USER_HOME$/.rbenv/versions/3.0.2/lib/ruby/vendor_ruby/3.0.0/arm64-darwin21" type="simple" />
            <root url="file://$USER_HOME$/.rbenv/versions/3.0.2/lib/ruby/vendor_ruby" type="simple" />
            <root url="file://$USER_HOME$/.rbenv/versions/3.0.2/lib/ruby/3.0.0" type="simple" />
            <root url="file://$USER_HOME$/.rbenv/versions/3.0.2/lib/ruby/3.0.0/arm64-darwin21" type="simple" />
            <root url="file://$APPLICATION_HOME_DIR$/plugins/ruby/rubystubs/rubystubs30" type="simple" />
          </root>
        </sourcePath>
      </roots>
      <additional NORMALIZED_VERSION_STRING="ver.3.0.2p107 ( revision 0db68f0233) p107" version="1" GEMS_BIN_DIR_PATH="$USER_HOME$/.rbenv/versions/3.0.2/bin">
        <VERSION_MANAGER ID="rbenv">
          <option name="gemset-name" />
          <distribution-id>3.0.2</distribution-id>
          <version-manager-path>/opt/homebrew/Cellar/rbenv/1.2.0/libexec/rbenv</version-manager-path>
        </VERSION_MANAGER>
        <RbConfig>
          <item key="AR" value="ar" />
          <item key="ARCH_FLAG" value="-m64" />
          <item key="ARFLAGS" value="rcu " />
          <item key="AS" value="as" />
          <item key="ASMEXT" value="S" />
          <item key="BUILTIN_TRANSSRCS" value=" enc/trans/newline.c" />
          <item key="CC" value="clang -fdeclspec" />
          <item key="CCDLFLAGS" value="-fno-common" />
          <item key="CC_VERSION" value="clang -fdeclspec --version" />
          <item key="CC_VERSION_MESSAGE" value="Apple clang version 14.0.0 (clang-1400.0.29.102)&#10;Target: arm64-apple-darwin21.6.0&#10;Thread model: posix&#10;InstalledDir: /Library/Developer/CommandLineTools/usr/bin" />
          <item key="CFLAGS" value="-O3 -ggdb3 -Wall -Wextra -Wdeprecated-declarations -Wdivision-by-zero -Wimplicit-function-declaration -Wimplicit-int -Wmisleading-indentation -Wpointer-arith -Wshorten-64-to-32 -Wwrite-strings -Wmissing-noreturn -Wno-cast-function-type -Wno-constant-logical-operand -Wno-long-long -Wno-missing-field-initializers -Wno-overlength-strings -Wno-parentheses-equality -Wno-self-assign -Wno-tautological-compare -Wno-unused-parameter -Wno-unused-value -Wunused-variable -Wextra-tokens -fno-common -pipe" />
          <item key="CHDIR" value="cd -P" />
          <item key="CONFIGURE" value="configure" />
          <item key="COUTFLAG" value="-o " />
          <item key="CP" value="cp" />
          <item key="CPP" value="clang -E" />
          <item key="CPPFLAGS" value="-I/Users/usr0200628/.rbenv/versions/3.0.2/include  -D_XOPEN_SOURCE -D_DARWIN_C_SOURCE -D_DARWIN_UNLIMITED_SELECT -D_REENTRANT  " />
          <item key="CPPOUTFILE" value="-o conftest.i" />
          <item key="CROSS_COMPILING" value="no" />
          <item key="CXX" value="clang++ -fdeclspec" />
          <item key="DLDFLAGS" value="-L/Users/usr0200628/.rbenv/versions/3.0.2/lib  -Wl,-multiply_defined,suppress" />
          <item key="DLDSHARED" value="clang -fdeclspec -dynamiclib" />
          <item key="DLEXT" value="bundle" />
          <item key="DLNOBJ" value="dln.o" />
          <item key="ECHO_C" value="\\c" />
          <item key="EGREP" value="/usr/bin/grep -E" />
          <item key="ENABLE_SHARED" value="yes" />
          <item key="EXTOUT" value=".ext" />
          <item key="GCC" value="yes" />
          <item key="GIT" value="git" />
          <item key="GNU_LD" value="no" />
          <item key="GREP" value="/usr/bin/grep" />
          <item key="HAVE_GIT" value="yes" />
          <item key="INSTALL" value="/usr/bin/install -c" />
          <item key="INSTALL_DATA" value="/usr/bin/install -c -m 644" />
          <item key="INSTALL_PROGRAM" value="/usr/bin/install -c" />
          <item key="INSTALL_SCRIPT" value="/usr/bin/install -c" />
          <item key="INSTALL_STATIC_LIBRARY" value="no" />
          <item key="LD" value="clang" />
          <item key="LDFLAGS" value="-L. -L/Users/usr0200628/.rbenv/versions/3.0.2/lib  -fstack-protector-strong" />
          <item key="LDSHARED" value="clang -fdeclspec -dynamic -bundle" />
          <item key="LDSHAREDXX" value="clang++ -fdeclspec -dynamic -bundle" />
          <item key="LIBEXT" value="a" />
          <item key="LIBPATHENV" value="DYLD_FALLBACK_LIBRARY_PATH" />
          <item key="LIBPATHFLAG" value=" -L%s" />
          <item key="LIBRUBY" value="libruby.3.0.dylib" />
          <item key="LIBRUBYARG" value="-lruby.3.0" />
          <item key="LIBRUBYARG_SHARED" value="-lruby.3.0" />
          <item key="LIBRUBYARG_STATIC" value="-lruby.3.0-static -framework Security -framework Foundation -lpthread -ldl -lobjc" />
          <item key="LIBRUBY_A" value="libruby.3.0-static.a" />
          <item key="LIBRUBY_ALIASES" value="libruby.dylib" />
          <item key="LIBRUBY_RELATIVE" value="no" />
          <item key="LIBRUBY_SO" value="libruby.3.0.dylib" />
          <item key="LIBRUBY_SONAME" value="libruby.3.0.dylib" />
          <item key="LINK_SO" value="&#10;dsymutil $@; { test -z '$(RUBY_CODESIGN)' || codesign -s '$(RUBY_CODESIGN)' -f $@; }" />
          <item key="LN_S" value="ln -s" />
          <item key="MAINLIBS" value="-lpthread -ldl -lobjc" />
          <item key="MAJOR" value="3" />
          <item key="MAKEDIRS" value="mkdir -p" />
          <item key="MAKEFILES" value="Makefile GNUmakefile" />
          <item key="MANTYPE" value="doc" />
          <item key="MINOR" value="0" />
          <item key="MJIT_CC" value="/usr/bin/clang -fdeclspec" />
          <item key="MJIT_SUPPORT" value="yes" />
          <item key="MKDIR_P" value="mkdir -p" />
          <item key="NM" value="nm" />
          <item key="NULLCMD" value=":" />
          <item key="OBJCOPY" value=":" />
          <item key="OBJDUMP" value="objdump" />
          <item key="OBJEXT" value="o" />
          <item key="OUTFLAG" value="-o " />
          <item key="PACKAGE" value="ruby" />
          <item key="PATCHLEVEL" value="107" />
          <item key="PATH_SEPARATOR" value=":" />
          <item key="PKG_CONFIG" value="pkg-config" />
          <item key="POSTLINK" value="dsymutil $@; { test -z '$(RUBY_CODESIGN)' || codesign -s '$(RUBY_CODESIGN)' -f $@; }" />
          <item key="PRELOADENV" value="DYLD_INSERT_LIBRARIES" />
          <item key="PREP" value="miniruby exe/$(PROGRAM)" />
          <item key="RANLIB" value="ranlib" />
          <item key="RI_BASE_NAME" value="ri" />
          <item key="RM" value="rm -f" />
          <item key="RMALL" value="rm -fr" />
          <item key="RMDIR" value="rmdir" />
          <item key="RMDIRS" value="rmdir -p" />
          <item key="RUBYW_BASE_NAME" value="rubyw" />
          <item key="RUBY_API_VERSION" value="3.0" />
          <item key="RUBY_BASE_NAME" value="ruby" />
          <item key="RUBY_EXEC_PREFIX" value="$USER_HOME$/.rbenv/versions/3.0.2" />
          <item key="RUBY_INSTALL_NAME" value="ruby" />
          <item key="RUBY_LIB_VERSION_STYLE" value="3&#9;/* full */" />
          <item key="RUBY_PROGRAM_VERSION" value="3.0.2" />
          <item key="RUBY_SO_NAME" value="ruby.3.0" />
          <item key="RUBY_VERSION_NAME" value="ruby-3.0.0" />
          <item key="SHELL" value="/bin/sh" />
          <item key="SOEXT" value="dylib" />
          <item key="SOLIBS" value="-lpthread -ldl -lobjc" />
          <item key="STRIP" value="strip -A -n" />
          <item key="SYMBOL_PREFIX" value="_" />
          <item key="TEENY" value="2" />
          <item key="TEST_RUNNABLE" value="yes" />
          <item key="THREAD_MODEL" value="pthread" />
          <item key="UNICODE_EMOJI_VERSION" value="12.1" />
          <item key="UNICODE_VERSION" value="12.1.0" />
          <item key="WERRORFLAG" value="-Werror" />
          <item key="arch" value="arm64-darwin21" />
          <item key="archdir" value="$USER_HOME$/.rbenv/versions/3.0.2/lib/ruby/3.0.0/arm64-darwin21" />
          <item key="archincludedir" value="$USER_HOME$/.rbenv/versions/3.0.2/include/arm64-darwin21" />
          <item key="archlibdir" value="$USER_HOME$/.rbenv/versions/3.0.2/lib/arm64-darwin21" />
          <item key="bindir" value="$USER_HOME$/.rbenv/versions/3.0.2/bin" />
          <item key="build" value="aarch64-apple-darwin21.6.0" />
          <item key="build_cpu" value="aarch64" />
          <item key="build_os" value="darwin21.6.0" />
          <item key="build_vendor" value="apple" />
          <item key="cflags" value="-O3 -ggdb3 -Wall -Wextra -Wdeprecated-declarations -Wdivision-by-zero -Wimplicit-function-declaration -Wimplicit-int -Wmisleading-indentation -Wpointer-arith -Wshorten-64-to-32 -Wwrite-strings -Wmissing-noreturn -Wno-cast-function-type -Wno-constant-logical-operand -Wno-long-long -Wno-missing-field-initializers -Wno-overlength-strings -Wno-parentheses-equality -Wno-self-assign -Wno-tautological-compare -Wno-unused-parameter -Wno-unused-value -Wunused-variable -Wextra-tokens" />
          <item key="codesign" value="codesign" />
          <item key="configure_args" value=" '--prefix=/Users/usr0200628/.rbenv/versions/3.0.2' '--with-openssl-dir=/Users/usr0200628/.rbenv/versions/3.0.2/openssl' '--enable-shared' '--with-readline-dir=/opt/homebrew/opt/readline' '--with-gmp-dir=/opt/homebrew/opt/gmp' 'CC=clang' 'LDFLAGS=-L/Users/usr0200628/.rbenv/versions/3.0.2/lib ' 'CPPFLAGS=-I/Users/usr0200628/.rbenv/versions/3.0.2/include '" />
          <item key="datadir" value="$USER_HOME$/.rbenv/versions/3.0.2/share" />
          <item key="datarootdir" value="$USER_HOME$/.rbenv/versions/3.0.2/share" />
          <item key="debugflags" value="-ggdb3" />
          <item key="docdir" value="$USER_HOME$/.rbenv/versions/3.0.2/share/doc/ruby" />
          <item key="dsymutil" value="dsymutil" />
          <item key="dvidir" value="$USER_HOME$/.rbenv/versions/3.0.2/share/doc/ruby" />
          <item key="exec" value="exec" />
          <item key="exec_prefix" value="$USER_HOME$/.rbenv/versions/3.0.2" />
          <item key="host" value="arm64-apple-darwin21" />
          <item key="host_cpu" value="arm64" />
          <item key="host_os" value="darwin21" />
          <item key="host_vendor" value="apple" />
          <item key="htmldir" value="$USER_HOME$/.rbenv/versions/3.0.2/share/doc/ruby" />
          <item key="includedir" value="$USER_HOME$/.rbenv/versions/3.0.2/include" />
          <item key="infodir" value="$USER_HOME$/.rbenv/versions/3.0.2/share/info" />
          <item key="libdir" value="$USER_HOME$/.rbenv/versions/3.0.2/lib" />
          <item key="libdirname" value="libdir" />
          <item key="libexecdir" value="$USER_HOME$/.rbenv/versions/3.0.2/libexec" />
          <item key="localedir" value="$USER_HOME$/.rbenv/versions/3.0.2/share/locale" />
          <item key="localstatedir" value="$USER_HOME$/.rbenv/versions/3.0.2/var" />
          <item key="mandir" value="$USER_HOME$/.rbenv/versions/3.0.2/share/man" />
          <item key="oldincludedir" value="/usr/include" />
          <item key="optflags" value="-O3" />
          <item key="pdfdir" value="$USER_HOME$/.rbenv/versions/3.0.2/share/doc/ruby" />
          <item key="prefix" value="$USER_HOME$/.rbenv/versions/3.0.2" />
          <item key="psdir" value="$USER_HOME$/.rbenv/versions/3.0.2/share/doc/ruby" />
          <item key="ridir" value="$USER_HOME$/.rbenv/versions/3.0.2/share/ri" />
          <item key="ruby_install_name" value="ruby" />
          <item key="ruby_pc" value="ruby-3.0.pc" />
          <item key="ruby_version" value="3.0.0" />
          <item key="rubyarchdir" value="$USER_HOME$/.rbenv/versions/3.0.2/lib/ruby/3.0.0/arm64-darwin21" />
          <item key="rubyarchhdrdir" value="$USER_HOME$/.rbenv/versions/3.0.2/include/ruby-3.0.0/arm64-darwin21" />
          <item key="rubyarchprefix" value="$USER_HOME$/.rbenv/versions/3.0.2/lib/ruby/arm64-darwin21" />
          <item key="rubyhdrdir" value="$USER_HOME$/.rbenv/versions/3.0.2/include/ruby-3.0.0" />
          <item key="rubylibdir" value="$USER_HOME$/.rbenv/versions/3.0.2/lib/ruby/3.0.0" />
          <item key="rubylibprefix" value="$USER_HOME$/.rbenv/versions/3.0.2/lib/ruby" />
          <item key="rubysitearchprefix" value="$USER_HOME$/.rbenv/versions/3.0.2/lib/ruby/arm64-darwin21" />
          <item key="runstatedir" value="$USER_HOME$/.rbenv/versions/3.0.2/var/run" />
          <item key="sbindir" value="$USER_HOME$/.rbenv/versions/3.0.2/sbin" />
          <item key="setup" value="Setup" />
          <item key="sharedstatedir" value="$USER_HOME$/.rbenv/versions/3.0.2/com" />
          <item key="sitearch" value="arm64-darwin21" />
          <item key="sitearchdir" value="$USER_HOME$/.rbenv/versions/3.0.2/lib/ruby/site_ruby/3.0.0/arm64-darwin21" />
          <item key="sitearchhdrdir" value="$USER_HOME$/.rbenv/versions/3.0.2/include/ruby-3.0.0/site_ruby/arm64-darwin21" />
          <item key="sitearchincludedir" value="$USER_HOME$/.rbenv/versions/3.0.2/include/arm64-darwin21" />
          <item key="sitearchlibdir" value="$USER_HOME$/.rbenv/versions/3.0.2/lib/arm64-darwin21" />
          <item key="sitedir" value="$USER_HOME$/.rbenv/versions/3.0.2/lib/ruby/site_ruby" />
          <item key="sitehdrdir" value="$USER_HOME$/.rbenv/versions/3.0.2/include/ruby-3.0.0/site_ruby" />
          <item key="sitelibdir" value="$USER_HOME$/.rbenv/versions/3.0.2/lib/ruby/site_ruby/3.0.0" />
          <item key="strict_warnflags" value="-std=gnu99" />
          <item key="sysconfdir" value="$USER_HOME$/.rbenv/versions/3.0.2/etc" />
          <item key="target" value="arm64-apple-darwin21" />
          <item key="target_cpu" value="arm64" />
          <item key="target_os" value="darwin21" />
          <item key="target_vendor" value="apple" />
          <item key="topdir" value="$USER_HOME$/.rbenv/versions/3.0.2/lib/ruby/3.0.0/arm64-darwin21" />
          <item key="vendorarchdir" value="$USER_HOME$/.rbenv/versions/3.0.2/lib/ruby/vendor_ruby/3.0.0/arm64-darwin21" />
          <item key="vendorarchhdrdir" value="$USER_HOME$/.rbenv/versions/3.0.2/include/ruby-3.0.0/vendor_ruby/arm64-darwin21" />
          <item key="vendordir" value="$USER_HOME$/.rbenv/versions/3.0.2/lib/ruby/vendor_ruby" />
          <item key="vendorhdrdir" value="$USER_HOME$/.rbenv/versions/3.0.2/include/ruby-3.0.0/vendor_ruby" />
          <item key="vendorlibdir" value="$USER_HOME$/.rbenv/versions/3.0.2/lib/ruby/vendor_ruby/3.0.0" />
          <item key="warnflags" value="-Wall -Wextra -Wdeprecated-declarations -Wdivision-by-zero -Wimplicit-function-declaration -Wimplicit-int -Wmisleading-indentation -Wpointer-arith -Wshorten-64-to-32 -Wwrite-strings -Wmissing-noreturn -Wno-cast-function-type -Wno-constant-logical-operand -Wno-long-long -Wno-missing-field-initializers -Wno-overlength-strings -Wno-parentheses-equality -Wno-self-assign -Wno-tautological-compare -Wno-unused-parameter -Wno-unused-value -Wunused-variable -Wextra-tokens" />
        </RbConfig>
      </additional>
    </jdk>
    <jdk version="2">
      <name value="rbenv: 2.7.4" />
      <type value="RUBY_SDK" />
      <version value="ver.2.7.4p191 ( revision a21a3b7d23) p191" />
      <homePath value="$USER_HOME$/.rbenv/versions/2.7.4/bin/ruby" />
      <roots>
        <classPath>
          <root type="composite">
            <root url="file://$USER_HOME$/.rbenv/versions/2.7.4/lib/ruby/site_ruby/2.7.0" type="simple" />
            <root url="file://$USER_HOME$/.rbenv/versions/2.7.4/lib/ruby/site_ruby/2.7.0/arm64-darwin21" type="simple" />
            <root url="file://$USER_HOME$/.rbenv/versions/2.7.4/lib/ruby/site_ruby" type="simple" />
            <root url="file://$USER_HOME$/.rbenv/versions/2.7.4/lib/ruby/vendor_ruby/2.7.0" type="simple" />
            <root url="file://$USER_HOME$/.rbenv/versions/2.7.4/lib/ruby/vendor_ruby/2.7.0/arm64-darwin21" type="simple" />
            <root url="file://$USER_HOME$/.rbenv/versions/2.7.4/lib/ruby/vendor_ruby" type="simple" />
            <root url="file://$USER_HOME$/.rbenv/versions/2.7.4/lib/ruby/2.7.0" type="simple" />
            <root url="file://$USER_HOME$/.rbenv/versions/2.7.4/lib/ruby/2.7.0/arm64-darwin21" type="simple" />
            <root url="file://$APPLICATION_HOME_DIR$/plugins/ruby/rubystubs/rubystubs27" type="simple" />
          </root>
        </classPath>
        <sourcePath>
          <root type="composite">
            <root url="file://$USER_HOME$/.rbenv/versions/2.7.4/lib/ruby/site_ruby/2.7.0" type="simple" />
            <root url="file://$USER_HOME$/.rbenv/versions/2.7.4/lib/ruby/site_ruby/2.7.0/arm64-darwin21" type="simple" />
            <root url="file://$USER_HOME$/.rbenv/versions/2.7.4/lib/ruby/site_ruby" type="simple" />
            <root url="file://$USER_HOME$/.rbenv/versions/2.7.4/lib/ruby/vendor_ruby/2.7.0" type="simple" />
            <root url="file://$USER_HOME$/.rbenv/versions/2.7.4/lib/ruby/vendor_ruby/2.7.0/arm64-darwin21" type="simple" />
            <root url="file://$USER_HOME$/.rbenv/versions/2.7.4/lib/ruby/vendor_ruby" type="simple" />
            <root url="file://$USER_HOME$/.rbenv/versions/2.7.4/lib/ruby/2.7.0" type="simple" />
            <root url="file://$USER_HOME$/.rbenv/versions/2.7.4/lib/ruby/2.7.0/arm64-darwin21" type="simple" />
            <root url="file://$APPLICATION_HOME_DIR$/plugins/ruby/rubystubs/rubystubs27" type="simple" />
          </root>
        </sourcePath>
      </roots>
      <additional NORMALIZED_VERSION_STRING="ver.2.7.4p191 ( revision a21a3b7d23) p191" version="1" GEMS_BIN_DIR_PATH="$USER_HOME$/.rbenv/versions/2.7.4/bin">
        <VERSION_MANAGER ID="rbenv">
          <option name="gemset-name" />
          <distribution-id>2.7.4</distribution-id>
          <version-manager-path>/opt/homebrew/Cellar/rbenv/1.2.0/libexec/rbenv</version-manager-path>
        </VERSION_MANAGER>
        <RbConfig>
          <item key="AR" value="libtool -static" />
          <item key="ARCH_FLAG" value="-m64" />
          <item key="ARFLAGS" value="-no_warning_for_no_symbols -o " />
          <item key="AS" value="as" />
          <item key="ASMEXT" value="S" />
          <item key="BUILTIN_TRANSSRCS" value=" enc/trans/newline.c" />
          <item key="CC" value="clang" />
          <item key="CCDLFLAGS" value="-fno-common" />
          <item key="CC_VERSION" value="clang --version" />
          <item key="CC_VERSION_MESSAGE" value="Apple clang version 14.0.0 (clang-1400.0.29.102)&#10;Target: arm64-apple-darwin21.6.0&#10;Thread model: posix&#10;InstalledDir: /Library/Developer/CommandLineTools/usr/bin" />
          <item key="CFLAGS" value="-g -O2 -fno-common -pipe" />
          <item key="CHDIR" value="cd -P" />
          <item key="CONFIGURE" value="configure" />
          <item key="COUTFLAG" value="-o " />
          <item key="CP" value="cp" />
          <item key="CPP" value="clang -E" />
          <item key="CPPFLAGS" value="-I/Users/usr0200628/.rbenv/versions/2.7.4/include  -D_XOPEN_SOURCE -D_DARWIN_C_SOURCE -D_DARWIN_UNLIMITED_SELECT -D_REENTRANT  " />
          <item key="CPPOUTFILE" value="-o conftest.i" />
          <item key="CROSS_COMPILING" value="no" />
          <item key="CXX" value="clang++" />
          <item key="CXXFLAGS" value="-g -O2" />
          <item key="DLDFLAGS" value="-L/Users/usr0200628/.rbenv/versions/2.7.4/lib  -Wl,-multiply_defined,suppress" />
          <item key="DLDSHARED" value="clang -dynamiclib" />
          <item key="DLEXT" value="bundle" />
          <item key="DLNOBJ" value="dln.o" />
          <item key="ECHO_C" value="\\c" />
          <item key="EGREP" value="/usr/bin/grep -E" />
          <item key="ENABLE_SHARED" value="yes" />
          <item key="EXTOUT" value=".ext" />
          <item key="GCC" value="yes" />
          <item key="GIT" value="git" />
          <item key="GNU_LD" value="no" />
          <item key="GREP" value="/usr/bin/grep" />
          <item key="HAVE_GIT" value="yes" />
          <item key="INSTALL" value="/usr/bin/install -c" />
          <item key="INSTALL_DATA" value="/usr/bin/install -c -m 644" />
          <item key="INSTALL_PROGRAM" value="/usr/bin/install -c" />
          <item key="INSTALL_SCRIPT" value="/usr/bin/install -c" />
          <item key="INSTALL_STATIC_LIBRARY" value="no" />
          <item key="LD" value="ld" />
          <item key="LDFLAGS" value="-L. -L/Users/usr0200628/.rbenv/versions/2.7.4/lib  -fstack-protector-strong" />
          <item key="LDSHARED" value="clang -dynamic -bundle" />
          <item key="LDSHAREDXX" value="clang++ -dynamic -bundle" />
          <item key="LIBEXT" value="a" />
          <item key="LIBPATHENV" value="DYLD_FALLBACK_LIBRARY_PATH" />
          <item key="LIBPATHFLAG" value=" -L%s" />
          <item key="LIBRUBY" value="libruby.2.7.dylib" />
          <item key="LIBRUBYARG" value="-lruby.2.7" />
          <item key="LIBRUBYARG_SHARED" value="-lruby.2.7" />
          <item key="LIBRUBYARG_STATIC" value="-lruby.2.7-static -framework Security -framework Foundation -lpthread -ldl -lobjc" />
          <item key="LIBRUBY_A" value="libruby.2.7-static.a" />
          <item key="LIBRUBY_ALIASES" value="libruby.dylib" />
          <item key="LIBRUBY_RELATIVE" value="no" />
          <item key="LIBRUBY_SO" value="libruby.2.7.dylib" />
          <item key="LIBRUBY_SONAME" value="libruby.2.7.dylib" />
          <item key="LINK_SO" value="&#10;dsymutil $@; { test -z '$(RUBY_CODESIGN)' || codesign -s '$(RUBY_CODESIGN)' -f $@; }" />
          <item key="LN_S" value="ln -s" />
          <item key="MAINLIBS" value="-lpthread -ldl -lobjc" />
          <item key="MAJOR" value="2" />
          <item key="MAKEDIRS" value="mkdir -p" />
          <item key="MAKEFILES" value="Makefile GNUmakefile" />
          <item key="MANTYPE" value="doc" />
          <item key="MATHN" value="yes" />
          <item key="MINOR" value="7" />
          <item key="MJIT_CC" value="/usr/bin/clang" />
          <item key="MJIT_SUPPORT" value="yes" />
          <item key="MKDIR_P" value="mkdir -p" />
          <item key="NM" value="nm" />
          <item key="NULLCMD" value=":" />
          <item key="OBJCOPY" value=":" />
          <item key="OBJDUMP" value="objdump" />
          <item key="OBJEXT" value="o" />
          <item key="OUTFLAG" value="-o " />
          <item key="PACKAGE" value="ruby" />
          <item key="PATCHLEVEL" value="191" />
          <item key="PATH_SEPARATOR" value=":" />
          <item key="PKG_CONFIG" value="pkg-config" />
          <item key="POSTLINK" value="dsymutil $@; { test -z '$(RUBY_CODESIGN)' || codesign -s '$(RUBY_CODESIGN)' -f $@; }" />
          <item key="PRELOADENV" value="DYLD_INSERT_LIBRARIES" />
          <item key="PREP" value="miniruby exe/$(PROGRAM)" />
          <item key="RANLIB" value=":" />
          <item key="RI_BASE_NAME" value="ri" />
          <item key="RM" value="rm -f" />
          <item key="RMALL" value="rm -fr" />
          <item key="RMDIR" value="rmdir" />
          <item key="RMDIRS" value="rmdir -p" />
          <item key="RUBYW_BASE_NAME" value="rubyw" />
          <item key="RUBY_API_VERSION" value="2.7" />
          <item key="RUBY_BASE_NAME" value="ruby" />
          <item key="RUBY_EXEC_PREFIX" value="$USER_HOME$/.rbenv/versions/2.7.4" />
          <item key="RUBY_INSTALL_NAME" value="ruby" />
          <item key="RUBY_LIB_VERSION_STYLE" value="3&#9;/* full */" />
          <item key="RUBY_PROGRAM_VERSION" value="2.7.4" />
          <item key="RUBY_SO_NAME" value="ruby.2.7" />
          <item key="RUBY_VERSION_NAME" value="ruby-2.7.0" />
          <item key="SHELL" value="/bin/sh" />
          <item key="SOEXT" value="dylib" />
          <item key="SOLIBS" value="-lpthread -ldl -lobjc" />
          <item key="STRIP" value="strip -A -n" />
          <item key="SYMBOL_PREFIX" value="_" />
          <item key="TEENY" value="4" />
          <item key="TEST_RUNNABLE" value="yes" />
          <item key="THREAD_MODEL" value="pthread" />
          <item key="UNICODE_EMOJI_VERSION" value="12.1" />
          <item key="UNICODE_VERSION" value="12.1.0" />
          <item key="WERRORFLAG" value="-Werror" />
          <item key="arch" value="arm64-darwin21" />
          <item key="archdir" value="$USER_HOME$/.rbenv/versions/2.7.4/lib/ruby/2.7.0/arm64-darwin21" />
          <item key="archincludedir" value="$USER_HOME$/.rbenv/versions/2.7.4/include/arm64-darwin21" />
          <item key="archlibdir" value="$USER_HOME$/.rbenv/versions/2.7.4/lib/arm64-darwin21" />
          <item key="bindir" value="$USER_HOME$/.rbenv/versions/2.7.4/bin" />
          <item key="build" value="aarch64-apple-darwin21.6.0" />
          <item key="build_cpu" value="aarch64" />
          <item key="build_os" value="darwin21.6.0" />
          <item key="build_vendor" value="apple" />
          <item key="cflags" value="-O3 -ggdb3 -Wall -Wextra -Wdeprecated-declarations -Wdivision-by-zero -Wimplicit-function-declaration -Wimplicit-int -Wmisleading-indentation -Wpointer-arith -Wshorten-64-to-32 -Wwrite-strings -Wmissing-noreturn -Wno-cast-function-type -Wno-constant-logical-operand -Wno-long-long -Wno-missing-field-initializers -Wno-overlength-strings -Wno-parentheses-equality -Wno-self-assign -Wno-tautological-compare -Wno-unused-parameter -Wno-unused-value -Wunused-variable -Wextra-tokens" />
          <item key="codesign" value="codesign" />
          <item key="configure_args" value=" '--prefix=/Users/usr0200628/.rbenv/versions/2.7.4' '--with-openssl-dir=/Users/usr0200628/.rbenv/versions/2.7.4/openssl' '--enable-shared' '--with-readline-dir=/opt/homebrew/opt/readline' '--with-gmp-dir=/opt/homebrew/opt/gmp' 'CC=clang' 'LDFLAGS=-L/Users/usr0200628/.rbenv/versions/2.7.4/lib ' 'CPPFLAGS=-I/Users/usr0200628/.rbenv/versions/2.7.4/include '" />
          <item key="datadir" value="$USER_HOME$/.rbenv/versions/2.7.4/share" />
          <item key="datarootdir" value="$USER_HOME$/.rbenv/versions/2.7.4/share" />
          <item key="debugflags" value="-ggdb3" />
          <item key="docdir" value="$USER_HOME$/.rbenv/versions/2.7.4/share/doc/ruby" />
          <item key="dsymutil" value="dsymutil" />
          <item key="dvidir" value="$USER_HOME$/.rbenv/versions/2.7.4/share/doc/ruby" />
          <item key="exec" value="exec" />
          <item key="exec_prefix" value="$USER_HOME$/.rbenv/versions/2.7.4" />
          <item key="host" value="arm64-apple-darwin21" />
          <item key="host_cpu" value="arm64" />
          <item key="host_os" value="darwin21" />
          <item key="host_vendor" value="apple" />
          <item key="htmldir" value="$USER_HOME$/.rbenv/versions/2.7.4/share/doc/ruby" />
          <item key="includedir" value="$USER_HOME$/.rbenv/versions/2.7.4/include" />
          <item key="infodir" value="$USER_HOME$/.rbenv/versions/2.7.4/share/info" />
          <item key="libdir" value="$USER_HOME$/.rbenv/versions/2.7.4/lib" />
          <item key="libdirname" value="libdir" />
          <item key="libexecdir" value="$USER_HOME$/.rbenv/versions/2.7.4/libexec" />
          <item key="localedir" value="$USER_HOME$/.rbenv/versions/2.7.4/share/locale" />
          <item key="localstatedir" value="$USER_HOME$/.rbenv/versions/2.7.4/var" />
          <item key="mandir" value="$USER_HOME$/.rbenv/versions/2.7.4/share/man" />
          <item key="oldincludedir" value="/usr/include" />
          <item key="optflags" value="-O3" />
          <item key="pdfdir" value="$USER_HOME$/.rbenv/versions/2.7.4/share/doc/ruby" />
          <item key="prefix" value="$USER_HOME$/.rbenv/versions/2.7.4" />
          <item key="psdir" value="$USER_HOME$/.rbenv/versions/2.7.4/share/doc/ruby" />
          <item key="ridir" value="$USER_HOME$/.rbenv/versions/2.7.4/share/ri" />
          <item key="ruby_install_name" value="ruby" />
          <item key="ruby_pc" value="ruby-2.7.pc" />
          <item key="ruby_version" value="2.7.0" />
          <item key="rubyarchdir" value="$USER_HOME$/.rbenv/versions/2.7.4/lib/ruby/2.7.0/arm64-darwin21" />
          <item key="rubyarchhdrdir" value="$USER_HOME$/.rbenv/versions/2.7.4/include/ruby-2.7.0/arm64-darwin21" />
          <item key="rubyarchprefix" value="$USER_HOME$/.rbenv/versions/2.7.4/lib/ruby/arm64-darwin21" />
          <item key="rubyhdrdir" value="$USER_HOME$/.rbenv/versions/2.7.4/include/ruby-2.7.0" />
          <item key="rubylibdir" value="$USER_HOME$/.rbenv/versions/2.7.4/lib/ruby/2.7.0" />
          <item key="rubylibprefix" value="$USER_HOME$/.rbenv/versions/2.7.4/lib/ruby" />
          <item key="rubysitearchprefix" value="$USER_HOME$/.rbenv/versions/2.7.4/lib/ruby/arm64-darwin21" />
          <item key="runstatedir" value="$USER_HOME$/.rbenv/versions/2.7.4/var/run" />
          <item key="sbindir" value="$USER_HOME$/.rbenv/versions/2.7.4/sbin" />
          <item key="setup" value="Setup" />
          <item key="sharedstatedir" value="$USER_HOME$/.rbenv/versions/2.7.4/com" />
          <item key="sitearch" value="arm64-darwin21" />
          <item key="sitearchdir" value="$USER_HOME$/.rbenv/versions/2.7.4/lib/ruby/site_ruby/2.7.0/arm64-darwin21" />
          <item key="sitearchhdrdir" value="$USER_HOME$/.rbenv/versions/2.7.4/include/ruby-2.7.0/site_ruby/arm64-darwin21" />
          <item key="sitearchincludedir" value="$USER_HOME$/.rbenv/versions/2.7.4/include/arm64-darwin21" />
          <item key="sitearchlibdir" value="$USER_HOME$/.rbenv/versions/2.7.4/lib/arm64-darwin21" />
          <item key="sitedir" value="$USER_HOME$/.rbenv/versions/2.7.4/lib/ruby/site_ruby" />
          <item key="sitehdrdir" value="$USER_HOME$/.rbenv/versions/2.7.4/include/ruby-2.7.0/site_ruby" />
          <item key="sitelibdir" value="$USER_HOME$/.rbenv/versions/2.7.4/lib/ruby/site_ruby/2.7.0" />
          <item key="strict_warnflags" value="-std=gnu99" />
          <item key="sysconfdir" value="$USER_HOME$/.rbenv/versions/2.7.4/etc" />
          <item key="target" value="arm64-apple-darwin21" />
          <item key="target_cpu" value="arm64" />
          <item key="target_os" value="darwin21" />
          <item key="target_vendor" value="apple" />
          <item key="topdir" value="$USER_HOME$/.rbenv/versions/2.7.4/lib/ruby/2.7.0/arm64-darwin21" />
          <item key="vendorarchdir" value="$USER_HOME$/.rbenv/versions/2.7.4/lib/ruby/vendor_ruby/2.7.0/arm64-darwin21" />
          <item key="vendorarchhdrdir" value="$USER_HOME$/.rbenv/versions/2.7.4/include/ruby-2.7.0/vendor_ruby/arm64-darwin21" />
          <item key="vendordir" value="$USER_HOME$/.rbenv/versions/2.7.4/lib/ruby/vendor_ruby" />
          <item key="vendorhdrdir" value="$USER_HOME$/.rbenv/versions/2.7.4/include/ruby-2.7.0/vendor_ruby" />
          <item key="vendorlibdir" value="$USER_HOME$/.rbenv/versions/2.7.4/lib/ruby/vendor_ruby/2.7.0" />
          <item key="warnflags" value="-Wall -Wextra -Wdeprecated-declarations -Wdivision-by-zero -Wimplicit-function-declaration -Wimplicit-int -Wmisleading-indentation -Wpointer-arith -Wshorten-64-to-32 -Wwrite-strings -Wmissing-noreturn -Wno-cast-function-type -Wno-constant-logical-operand -Wno-long-long -Wno-missing-field-initializers -Wno-overlength-strings -Wno-parentheses-equality -Wno-self-assign -Wno-tautological-compare -Wno-unused-parameter -Wno-unused-value -Wunused-variable -Wextra-tokens" />
        </RbConfig>
      </additional>
    </jdk>
  </component>
</application>