<application>
  <component name="com.lawmillenium.intellij.plugins.narutoprogress.configuration.NarutoProgressState">
    <option name="version" value="1.1.0" />
    <option name="enabledShinobisNames">
      <map>
        <entry key="drunkRockLee" value="false" />
        <entry key="itachi" value="true" />
        <entry key="kurenai" value="false" />
        <entry key="madara" value="false" />
        <entry key="naruto" value="false" />
        <entry key="narutoKyubi" value="false" />
        <entry key="sakura" value="false" />
        <entry key="shisui" value="false" />
        <entry key="tenten" value="false" />
        <entry key="tobi" value="false" />
        <entry key="tobirama" value="false" />
        <entry key="yugito" value="false" />
      </map>
    </option>
    <option name="theme" value="smooth" />
    <option name="colorScheme" value="1_Official" />
  </component>
</application>